名前（漢字）,名前（カナ）,性別
健太,ｹﾝﾀ,1
翔太,ｼｮｳﾀ,1
大輔,ﾀﾞｲｽｹ,1
拓也,ﾀｸﾔ,1
誠,ﾏｺﾄ,1
直樹,ﾅｵｷ,1
達也,ﾀﾂﾔ,1
翔,ｼｮｳ,1
翼,ﾂﾊﾞｻ,1
亮,ﾘｮｳ,1
大地,ﾀﾞｲﾁ,1
拓海,ﾀｸﾐ,1
和也,ｶｽﾞﾔ,1
美穂,ﾐﾎ,2
雄太,ﾕｳﾀ,1
亮太,ﾘｮｳﾀ,1
大輝,ﾀﾞｲｷ,1
舞,ﾏｲ,2
美咲,ﾐｻｷ,2
直人,ﾅｵﾄ,1
愛,ｱｲ,2
駿,ｼｭﾝ,1
健太郎,ｹﾝﾀﾛｳ,1
大樹,ﾀﾞｲｷ,1
恵,ﾒｸﾞﾐ,2
健一,ｹﾝｲﾁ,1
大介,ﾀﾞｲｽｹ,1
陸,ﾘｸ,1
涼,ﾘｮｳ,1
葵,ｱｵｲ,2
哲也,ﾃﾂﾔ,1
諒,ﾘｮｳ,1
匠,ﾀｸﾐ,1
彩,ｱﾔ,2
久美子,ｸﾐｺ,2
海斗,ｶｲﾄ,1
七海,ﾅﾅﾐ,2
徹,ﾄｵﾙ,1
桃子,ﾓﾓｺ,2
航,ﾜﾀﾙ,1
明日香,ｱｽｶ,2
祐太,ﾕｳﾀ,1
啓太,ｹｲﾀ,1
優太,ﾕｳﾀ,1
裕太,ﾕｳﾀ,1
康平,ｺｳﾍｲ,1
一輝,ｶｽﾞｷ,1
千尋,ﾁﾋﾛ,2
幸子,ｻﾁｺ,2
彩乃,ｱﾔﾉ,2
麻衣,ﾏｲ,2
一樹,ｶｽﾞｷ,1
萌,ﾓｴ,2
茜,ｱｶﾈ,2
真由美,ﾏﾕﾐ,2
智子,ﾄﾓｺ,2
遼,ﾘｮｳ,1
雄大,ﾕｳﾀﾞｲ,1
和樹,ｶｽﾞｷ,1
優子,ﾕｳｺ,2
裕介,ﾕｳｽｹ,1
隼人,ﾊﾔﾄ,1
凌,ﾘｮｳ,1
拓哉,ﾀｸﾔ,1
美香,ﾐｶ,2
豊,ﾕﾀｶ,1
未来,ﾐｸ,2
友美,ﾄﾓﾐ,2
学,ﾏﾅﾌﾞ,1
祐介,ﾕｳｽｹ,1
裕子,ﾕｳｺ,2
太一,ﾀｲﾁ,1
卓也,ﾀｸﾔ,1
遥,ﾊﾙｶ,2
香織,ｶｵﾘ,2
彩香,ｱﾔｶ,2
里奈,ﾘﾅ,2
恵子,ｹｲｺ,2
健,ｹﾝ,1
智也,ﾄﾓﾔ,1
祐樹,ﾕｳｷ,1
彩花,ｱﾔｶ,2
由美,ﾕﾐ,2
愛美,ﾏﾅﾐ,2
恵美,ｴﾐ,2
瞳,ﾋﾄﾐ,2
奈々,ﾅﾅ,2
美紀,ﾐｷ,2
美樹,ﾐｷ,2
隆,ﾀｶｼ,1
翔平,ｼｮｳﾍｲ,1
光,ﾋｶﾙ,1
航平,ｺｳﾍｲ,1
剛,ﾂﾖｼ,1
勇太,ﾕｳﾀ,1
悠太,ﾕｳﾀ,1
由美子,ﾕﾐｺ,2
洋子,ﾖｳｺ,2
陽子,ﾖｳｺ,2
健人,ｹﾝﾄ,1
美里,ﾐｻﾄ,2
理恵,ﾘｴ,2
涼太,ﾘｮｳﾀ,1
佳奈,ｶﾅ,2
潤,ｼﾞｭﾝ,1
正樹,ﾏｻｷ,1
大貴,ﾀﾞｲｷ,1
楓,ｶｴﾃﾞ,2
明子,ｱｷｺ,2
純,ｼﾞｭﾝ,1
明,ｱｷﾗ,1
ひとみ,ﾋﾄﾐ,2
めぐみ,ﾒｸﾞﾐ,2
京子,ｷｮｳｺ,2
恭平,ｷｮｳﾍｲ,1
司,ﾂｶｻ,1
純一,ｼﾞｭﾝｲﾁ,1
直美,ﾅｵﾐ,2
優,ﾕｳ,1
裕也,ﾕｳﾔ,1
洋平,ﾖｳﾍｲ,1
純子,ｼﾞｭﾝｺ,2
純平,ｼﾞｭﾝﾍﾟｲ,1
聡,ｻﾄｼ,1
俊介,ｼｭﾝｽｹ,1
淳,ｼﾞｭﾝ,1
真由,ﾏﾕ,2
啓介,ｹｲｽｹ,1
巧,ﾀｸﾐ,1
直也,ﾅｵﾔ,1
美幸,ﾐﾕｷ,2
秀樹,ﾋﾃﾞｷ,1
博之,ﾋﾛﾕｷ,1
美和,ﾐﾜ,2
雄一,ﾕｳｲﾁ,1
亮介,ﾘｮｳｽｹ,1
蓮,ﾚﾝ,1
綾子,ｱﾔｺ,2
綾乃,ｱﾔﾉ,2
貴子,ﾀｶｺ,2
沙織,ｻｵﾘ,2
駿介,ｼｭﾝｽｹ,1
智美,ﾄﾓﾐ,2
直輝,ﾅｵｷ,1
優花,ﾕｳｶ,2
勇樹,ﾕｳｷ,1
あゆみ,ｱﾕﾐ,2
さくら,ｻｸﾗ,2
紀子,ﾉﾘｺ,2
貴之,ﾀｶﾕｷ,1
淳一,ｼﾞｭﾝｲﾁ,1
直子,ﾅｵｺ,2
明美,ｱｹﾐ,2
悠,ﾕｳ,1
詩織,ｼｵﾘ,2
修,ｵｻﾑ,1
正人,ﾏｻﾄ,1
美奈,ﾐﾅ,2
陽平,ﾖｳﾍｲ,1
里美,ｻﾄﾐ,2
竜也,ﾀﾂﾔ,1
亜美,ｱﾐ,2
健吾,ｹﾝｺﾞ,1
菜摘,ﾅﾂﾐ,2
真奈美,ﾏﾅﾐ,2
拓,ﾀｸ,1
祐子,ﾕｳｺ,2
良太,ﾘｮｳﾀ,1
翔,ｶｹﾙ,1
貴大,ﾀｶﾋﾛ,1
薫,ｶｵﾙ,1
恵美子,ｴﾐｺ,2
悟,ｻﾄﾙ,1
弘美,ﾋﾛﾐ,2
浩,ﾋﾛｼ,1
真一,ｼﾝｲﾁ,1
莉奈,ﾘﾅ,2
弘樹,ﾋﾛｷ,1
菜々子,ﾅﾅｺ,2
周平,ｼｭｳﾍｲ,1
修平,ｼｭｳﾍｲ,1
真美,ﾏﾐ,2
直哉,ﾅｵﾔ,1
麻美,ｱｻﾐ,2
優香,ﾕｳｶ,2
優斗,ﾕｳﾄ,1
玲奈,ﾚｲﾅ,2
雅人,ﾏｻﾄ,1
早紀,ｻｷ,2
拓真,ﾀｸﾏ,1
優,ﾕｳ,2
優希,ﾕｳｷ,1
裕樹,ﾕｳｷ,1
和美,ｶｽﾞﾐ,2
葉月,ﾊﾂﾞｷ,2
ひかる,ﾋｶﾙ,2
春菜,ﾊﾙﾅ,2
真,ﾏｺﾄ,1
真弓,ﾏﾕﾐ,2
拓実,ﾀｸﾐ,1
典子,ﾉﾘｺ,2
唯,ﾕｲ,2
悠介,ﾕｳｽｹ,1
健二,ｹﾝｼﾞ,1
春香,ﾊﾙｶ,2
順子,ｼﾞｭﾝｺ,2
将太,ｼｮｳﾀ,1
仁美,ﾋﾄﾐ,2
崇,ﾀｶｼ,1
陽介,ﾖｳｽｹ,1
和輝,ｶｽﾞｷ,1
愛子,ｱｲｺ,2
杏奈,ｱﾝﾅ,2
貴志,ﾀｶｼ,1
成美,ﾅﾙﾐ,2
拓馬,ﾀｸﾏ,1
優衣,ﾕｲ,2
勇輝,ﾕｳｷ,1
祐輔,ﾕｳｽｹ,1
裕之,ﾋﾛﾕｷ,1
綾香,ｱﾔｶ,2
康太,ｺｳﾀ,1
菜月,ﾅﾂｷ,2
渉,ﾜﾀﾙ,1
拓人,ﾀｸﾄ,1
美帆,ﾐﾎ,2
佑太,ﾕｳﾀ,1
和希,ｶｽﾞｷ,1
ゆかり,ﾕｶﾘ,2
英樹,ﾋﾃﾞｷ,1
輝,ﾋｶﾙ,1
恵美,ﾒｸﾞﾐ,2
健,ﾀｹｼ,1
俊,ｼｭﾝ,1
慎太郎,ｼﾝﾀﾛｳ,1
真衣,ﾏｲ,2
瑞希,ﾐｽﾞｷ,2
千夏,ﾁﾅﾂ,2
大,ﾀﾞｲ,1
大河,ﾀｲｶﾞ,1
武,ﾀｹｼ,1
歩,ｱﾕﾐ,2
優奈,ﾕｳﾅ,2
由紀子,ﾕｷｺ,2
雄介,ﾕｳｽｹ,1
理沙,ﾘｻ,2
龍,ﾘｭｳ,1
和彦,ｶｽﾞﾋｺ,1
栞,ｼｵﾘ,2
みなみ,ﾐﾅﾐ,2
英明,ﾋﾃﾞｱｷ,1
海,ｶｲ,1
健斗,ｹﾝﾄ,1
晃,ｱｷﾗ,1
彩音,ｱﾔﾈ,2
彩夏,ｱﾔｶ,2
真理子,ﾏﾘｺ,2
太郎,ﾀﾛｳ,1
麻衣子,ﾏｲｺ,2
龍之介,ﾘｭｳﾉｽｹ,1
あかり,ｱｶﾘ,2
夏海,ﾅﾂﾐ,2
幸一,ｺｳｲﾁ,1
樹,ﾀﾂｷ,1
慎也,ｼﾝﾔ,1
仁,ｼﾞﾝ,1
清美,ｷﾖﾐ,2
誠也,ｾｲﾔ,1
智之,ﾄﾓﾕｷ,1
美佳,ﾐｶ,2
茂,ｼｹﾞﾙ,1
由佳,ﾕｶ,2
かおり,ｶｵﾘ,2
佳祐,ｹｲｽｹ,1
加奈,ｶﾅ,2
夏美,ﾅﾂﾐ,2
雅也,ﾏｻﾔ,1
恭子,ｷｮｳｺ,2
千春,ﾁﾊﾙ,2
博,ﾋﾛｼ,1
勉,ﾂﾄﾑ,1
歩美,ｱﾕﾐ,2
勇斗,ﾕｳﾄ,1
龍一,ﾘｭｳｲﾁ,1
和子,ｶｽﾞｺ,2
綾,ｱﾔ,2
一真,ｶｽﾞﾏ,1
悦子,ｴﾂｺ,2
夏実,ﾅﾂﾐ,2
健司,ｹﾝｼﾞ,1
浩一,ｺｳｲﾁ,1
浩二,ｺｳｼﾞ,1
航太,ｺｳﾀ,1
剛,ﾀｹｼ,1
拓磨,ﾀｸﾏ,1
桃香,ﾓﾓｶ,2
敦子,ｱﾂｺ,2
美月,ﾐﾂﾞｷ,2
望,ﾉｿﾞﾐ,2
優樹,ﾕｳｷ,1
裕一,ﾕｳｲﾁ,1
裕美,ﾋﾛﾐ,2
洋介,ﾖｳｽｹ,1
翔吾,ｼｮｳｺﾞ,1
梓,ｱｽﾞｻ,2
一也,ｶｽﾞﾔ,1
雅之,ﾏｻﾕｷ,1
響,ﾋﾋﾞｷ,1
圭佑,ｹｲｽｹ,1
香,ｶｵﾘ,2
勝,ﾏｻﾙ,1
真也,ｼﾝﾔ,1
進,ｽｽﾑ,1
晴美,ﾊﾙﾐ,2
正,ﾀﾀﾞｼ,1
静香,ｼｽﾞｶ,2
大樹,ﾋﾛｷ,1
奈美,ﾅﾐ,2
勇人,ﾊﾔﾄ,1
洋,ﾋﾛｼ,1
玲子,ﾚｲｺ,2
和真,ｶｽﾞﾏ,1
孝,ﾀｶｼ,1
浩之,ﾋﾛﾕｷ,1
晴香,ﾊﾙｶ,2
大樹,ﾀｲｷ,1
拓郎,ﾀｸﾛｳ,1
美希,ﾐｷ,2
美奈子,ﾐﾅｺ,2
美優,ﾐﾕｳ,2
稔,ﾐﾉﾙ,1
優輝,ﾕｳｷ,1
裕貴,ﾕｳｷ,1
さやか,ｻﾔｶ,2
みゆき,ﾐﾕｷ,2
薫,ｶｵﾙ,2
浩司,ｺｳｼﾞ,1
純也,ｼﾞｭﾝﾔ,1
勝也,ｶﾂﾔ,1
真理,ﾏﾘ,2
仁,ﾋﾄｼ,1
千晶,ﾁｱｷ,2
大雅,ﾀｲｶﾞ,1
達哉,ﾀﾂﾔ,1
敦,ｱﾂｼ,1
由香,ﾕｶ,2
梨乃,ﾘﾉ,2
玲奈,ﾚﾅ,2
和幸,ｶｽﾞﾕｷ,1
和哉,ｶｽﾞﾔ,1
くるみ,ｸﾙﾐ,2
みどり,ﾐﾄﾞﾘ,2
亜希子,ｱｷｺ,2
雅子,ﾏｻｺ,2
絵美,ｴﾐ,2
結衣,ﾕｲ,2
健介,ｹﾝｽｹ,1
賢一,ｹﾝｲﾁ,1
晃平,ｺｳﾍｲ,1
春奈,ﾊﾙﾅ,2
真帆,ﾏﾎ,2
早苗,ｻﾅｴ,2
聡美,ｻﾄﾐ,2
智,ｻﾄｼ,1
智哉,ﾄﾓﾔ,1
直紀,ﾅｵｷ,1
美優,ﾐﾕ,2
美由紀,ﾐﾕｷ,2
歩,ｱﾕﾑ,1
由衣,ﾕｲ,2
亮輔,ﾘｮｳｽｹ,1
稜,ﾘｮｳ,1
和弘,ｶｽﾞﾋﾛ,1
颯,ﾊﾔﾃ,1
あかね,ｱｶﾈ,2
愛梨,ｱｲﾘ,2
宏美,ﾋﾛﾐ,2
豪,ｺﾞｳ,1
志保,ｼﾎ,2
大和,ﾔﾏﾄ,1
奈津美,ﾅﾂﾐ,2
美波,ﾐﾅﾐ,2
美保,ﾐﾎ,2
萌子,ﾓｴｺ,2
佑介,ﾕｳｽｹ,1
優介,ﾕｳｽｹ,1
裕二,ﾕｳｼﾞ,1
里菜,ﾘﾅ,2
良,ﾘｮｳ,1
廉,ﾚﾝ,1
翔太郎,ｼｮｳﾀﾛｳ,1
颯太,ｿｳﾀ,1
貴裕,ﾀｶﾋﾛ,1
亨,ﾄｵﾙ,1
圭,ｹｲ,1
弘,ﾋﾛｼ,1
耕平,ｺｳﾍｲ,1
菜々,ﾅﾅ,2
春樹,ﾊﾙｷ,1
祥子,ｼｮｳｺ,2
瑞穂,ﾐｽﾞﾎ,2
篤,ｱﾂｼ,1
勇,ｲｻﾑ,1
祐一,ﾕｳｲﾁ,1
祐貴,ﾕｳｷ,1
裕子,ﾋﾛｺ,2
隆太,ﾘｭｳﾀ,1
涼介,ﾘｮｳｽｹ,1
はるか,ﾊﾙｶ,2
まどか,ﾏﾄﾞｶ,2
一貴,ｶｽﾞｷ,1
一成,ｶｽﾞﾅﾘ,1
加奈子,ｶﾅｺ,2
圭介,ｹｲｽｹ,1
慧,ｹｲ,1
賢治,ｹﾝｼﾞ,1
功,ｲｻｵ,1
広大,ｺｳﾀﾞｲ,1
俊輔,ｼｭﾝｽｹ,1
渚,ﾅｷﾞｻ,2
小百合,ｻﾕﾘ,2
尚子,ﾅｵｺ,2
慎吾,ｼﾝｺﾞ,1
真紀,ﾏｷ,2
聖也,ｾｲﾔ,1
大輝,ﾀｲｷ,1
拓弥,ﾀｸﾔ,1
知子,ﾄﾓｺ,2
知美,ﾄﾓﾐ,2
奈緒美,ﾅｵﾐ,2
優作,ﾕｳｻｸ,1
勇希,ﾕｳｷ,1
友香,ﾕｶ,2
遥香,ﾊﾙｶ,2
理奈,ﾘﾅ,2
翔也,ｼｮｳﾔ,1
一,ﾊｼﾞﾒ,1
一馬,ｶｽﾞﾏ,1
寛,ﾋﾛｼ,1
琴美,ｺﾄﾐ,2
圭祐,ｹｲｽｹ,1
慶,ｹｲ,1
桂子,ｹｲｺ,2
俊樹,ﾄｼｷ,1
瞬,ｼｭﾝ,1
淳,ｱﾂｼ,1
淳也,ｼﾞｭﾝﾔ,1
晶子,ｱｷｺ,2
真子,ﾏｺ,2
真実,ﾏﾐ,2
正和,ﾏｻｶｽﾞ,1
誠一,ｾｲｲﾁ,1
拓未,ﾀｸﾐ,1
達矢,ﾀﾂﾔ,1
哲平,ﾃｯﾍﾟｲ,1
奈緒,ﾅｵ,2
美智子,ﾐﾁｺ,2
朋美,ﾄﾓﾐ,2
優,ﾏｻﾙ,1
優也,ﾕｳﾔ,1
有希,ﾕｷ,2
有紀,ﾕｷ,2
裕,ﾕﾀｶ,1
梨沙,ﾘｻ,2
隆之,ﾀｶﾕｷ,1
涼子,ﾘｮｳｺ,2
弥生,ﾔﾖｲ,2
ひろみ,ﾋﾛﾐ,2
愛里,ｱｲﾘ,2
一郎,ｲﾁﾛｳ,1
英雄,ﾋﾃﾞｵ,1
佳子,ﾖｼｺ,2
久美,ｸﾐ,2
圭太,ｹｲﾀ,1
圭亮,ｹｲｽｹ,1
健太朗,ｹﾝﾀﾛｳ,1
彩子,ｱﾔｺ,2
菜緒,ﾅｵ,2
尚輝,ﾅｵｷ,1
伸一,ｼﾝｲﾁ,1
信一,ｼﾝｲﾁ,1
真央,ﾏｵ,2
大智,ﾀﾞｲﾁ,1
直弥,ﾅｵﾔ,1
朋子,ﾄﾓｺ,2
優一,ﾕｳｲﾁ,1
優人,ﾕｳﾄ,1
勇介,ﾕｳｽｹ,1
由紀,ﾕｷ,2
祐輝,ﾕｳｷ,1
祐也,ﾕｳﾔ,1
裕,ﾕｳ,1
遼太郎,ﾘｮｳﾀﾛｳ,1
さゆり,ｻﾕﾘ,2
なつみ,ﾅﾂﾐ,2
夏希,ﾅﾂｷ,2
敬子,ｹｲｺ,2
宏,ﾋﾛｼ,1
宏樹,ﾋﾛｷ,1
浩平,ｺｳﾍｲ,1
彩華,ｱﾔｶ,2
志穂,ｼﾎ,2
実,ﾐﾉﾙ,1
紗希,ｻｷ,2
若菜,ﾜｶﾅ,2
朱里,ｱｶﾘ,2
樹,ｲﾂｷ,1
秀明,ﾋﾃﾞｱｷ,1
俊彦,ﾄｼﾋｺ,1
彰,ｱｷﾗ,1
真人,ﾏｻﾄ,1
真太郎,ｼﾝﾀﾛｳ,1
正義,ﾏｻﾖｼ,1
聡子,ｻﾄｺ,2
拓巳,ﾀｸﾐ,1
徹也,ﾃﾂﾔ,1
篤志,ｱﾂｼ,1
奈央,ﾅｵ,2
美緒,ﾐｵ,2
舞子,ﾏｲｺ,2
未来,ﾐｷ,2
佑樹,ﾕｳｷ,1
優菜,ﾕｳﾅ,2
勇一,ﾕｳｲﾁ,1
友哉,ﾄﾓﾔ,1
有沙,ｱﾘｻ,2
由貴,ﾕｷ,2
雄斗,ﾕｳﾄ,1
梨奈,ﾘﾅ,2
涼平,ﾘｮｳﾍｲ,1
亘,ﾜﾀﾙ,1
あずさ,ｱｽﾞｻ,2
いずみ,ｲｽﾞﾐ,2
岳,ｶﾞｸ,1
啓,ｹｲ,1
圭子,ｹｲｺ,2
慶太,ｹｲﾀ,1
幸司,ｺｳｼﾞ,1
晃一,ｺｳｲﾁ,1
汐里,ｼｵﾘ,2
修一,ｼｭｳｲﾁ,1
秀一,ｼｭｳｲﾁ,1
将大,ﾏｻﾋﾛ,1
将也,ﾏｻﾔ,1
昇,ﾉﾎﾞﾙ,1
祥平,ｼｮｳﾍｲ,1
章,ｱｷﾗ,1
新,ｱﾗﾀ,1
真希,ﾏｷ,2
瑞樹,ﾐｽﾞｷ,1
正明,ﾏｻｱｷ,1
千恵,ﾁｴ,2
千秋,ﾁｱｷ,2
千明,ﾁｱｷ,2
大祐,ﾀﾞｲｽｹ,1
知也,ﾄﾓﾔ,1
美沙,ﾐｻ,2
猛,ﾀｹｼ,1
優希,ﾕｳｷ,2
勇人,ﾕｳﾄ,1
友紀,ﾕｷ,2
祐希,ﾕｳｷ,1
裕貴,ﾋﾛｷ,1
裕太郎,ﾕｳﾀﾛｳ,1
雄貴,ﾕｳｷ,1
雄輝,ﾕｳｷ,1
雄二,ﾕｳｼﾞ,1
洋一,ﾖｳｲﾁ,1
藍,ｱｲ,2
理紗,ﾘｻ,2
隆一,ﾘｭｳｲﾁ,1
竜一,ﾘｭｳｲﾁ,1
龍太,ﾘｭｳﾀ,1
亮平,ﾘｮｳﾍｲ,1
凌平,ﾘｮｳﾍｲ,1
和明,ｶｽﾞｱｷ,1
莉子,ﾘｺ,2
さおり,ｻｵﾘ,2
みのり,ﾐﾉﾘ,2
愛,ﾒｸﾞﾐ,2
綾音,ｱﾔﾈ,2
佳代子,ｶﾖｺ,2
雅彦,ﾏｻﾋｺ,1
寛之,ﾋﾛﾕｷ,1
啓子,ｹｲｺ,2
圭吾,ｹｲｺﾞ,1
結,ﾕｲ,2
謙,ｹﾝ,1
孝之,ﾀｶﾕｷ,1
弘子,ﾋﾛｺ,2
彩佳,ｱﾔｶ,2
菜々美,ﾅﾅﾐ,2
駿太,ｼｭﾝﾀ,1
将,ｼｮｳ,1
真優,ﾏﾕ,2
仁志,ﾋﾄｼ,1
瑞季,ﾐｽﾞｷ,2
正幸,ﾏｻﾕｷ,1
大輝,ﾋﾛｷ,1
大悟,ﾀﾞｲｺﾞ,1
大成,ﾀｲｾｲ,1
智史,ｻﾄｼ,1
透,ﾄｵﾙ,1
篤史,ｱﾂｼ,1
敦史,ｱﾂｼ,1
奈津子,ﾅﾂｺ,2
忍,ｼﾉﾌﾞ,1
博子,ﾋﾛｺ,2
麻美,ﾏﾐ,2
満,ﾐﾂﾙ,1
勇気,ﾕｳｷ,1
悠貴,ﾕｳｷ,1
悠斗,ﾕｳﾄ,1
悠平,ﾕｳﾍｲ,1
雄一郎,ﾕｳｲﾁﾛｳ,1
雄也,ﾕｳﾔ,1
凌太,ﾘｮｳﾀ,1
瑠美,ﾙﾐ,2
怜央,ﾚｵ,1
和宏,ｶｽﾞﾋﾛ,1
和代,ｶｽﾞﾖ,2
翔子,ｼｮｳｺ,2
のぞみ,ﾉｿﾞﾐ,2
ひかり,ﾋｶﾘ,2
亜由美,ｱﾕﾐ,2
夏樹,ﾅﾂｷ,1
雅史,ﾏｻｼ,1
寛人,ﾋﾛﾄ,1
京介,ｷｮｳｽｹ,1
恵理,ｴﾘ,2
健,ﾀｹﾙ,1
光一,ｺｳｲﾁ,1
剛,ｺﾞｳ,1
沙耶,ｻﾔ,2
志織,ｼｵﾘ,2
守,ﾏﾓﾙ,1
充,ﾐﾂﾙ,1
淳子,ｼﾞｭﾝｺ,2
将吾,ｼｮｳｺﾞ,1
伸,ｼﾝ,1
真由子,ﾏﾕｺ,2
千佳,ﾁｶ,2
千裕,ﾁﾋﾛ,2
早希,ｻｷ,2
大志,ﾀｲｼ,1
拓己,ﾀｸﾐ,1
桃花,ﾓﾓｶ,2
美和子,ﾐﾜｺ,2
優花,ﾕｶ,2
優貴,ﾕｳｷ,1
勇貴,ﾕｳｷ,1
友香,ﾕｳｶ,2
友子,ﾄﾓｺ,2
悠,ﾊﾙｶ,2
理子,ﾘｺ,2
亮祐,ﾘｮｳｽｹ,1
良介,ﾘｮｳｽｹ,1
遼太,ﾘｮｳﾀ,1
力,ﾘｷ,1
和夫,ｶｽﾞｵ,1
侑也,ﾕｳﾔ,1
翔大,ｼｮｳﾀ,1
ありさ,ｱﾘｻ,2
いづみ,ｲﾂﾞﾐ,2
一希,ｶｽﾞｷ,1
寛太,ｶﾝﾀ,1
貴弘,ﾀｶﾋﾛ,1
貴史,ﾀｶﾌﾐ,1
琴音,ｺﾄﾈ,2
恵里,ｴﾘ,2
賢,ｹﾝ,1
孝志,ﾀｶｼ,1
宏明,ﾋﾛｱｷ,1
幸治,ｺｳｼﾞ,1
幸雄,ﾕｷｵ,1
広樹,ﾋﾛｷ,1
広美,ﾋﾛﾐ,2
淳平,ｼﾞｭﾝﾍﾟｲ,1
順一,ｼﾞｭﾝｲﾁ,1
勝利,ｶﾂﾄｼ,1
将人,ﾏｻﾄ,1
将平,ｼｮｳﾍｲ,1
昌子,ﾏｻｺ,2
真琴,ﾏｺﾄ,2
真吾,ｼﾝｺﾞ,1
千里,ﾁｻﾄ,2
大夢,ﾋﾛﾑ,1
智貴,ﾄﾓｷ,1
南,ﾐﾅﾐ,2
日向子,ﾋﾅｺ,2
忍,ｼﾉﾌﾞ,2
隼,ﾊﾔﾄ,1
美羽,ﾐｳ,2
美紅,ﾐｸ,2
麻里,ﾏﾘ,2
未来,ﾐﾗｲ,2
茂樹,ｼｹﾞｷ,1
勇也,ﾕｳﾔ,1
友和,ﾄﾓｶｽﾞ,1
悠人,ﾕｳﾄ,1
裕樹,ﾋﾛｷ,1
陽一,ﾖｳｲﾁ,1
里紗,ﾘｻ,2
律子,ﾘﾂｺ,2
竜太,ﾘｭｳﾀ,1
亮太郎,ﾘｮｳﾀﾛｳ,1
諒太,ﾘｮｳﾀ,1
力,ﾁｶﾗ,1
怜奈,ﾚｲﾅ,2
莉菜,ﾘﾅ,2
あすか,ｱｽｶ,2
愛理,ｱｲﾘ,2
一哉,ｶｽﾞﾔ,1
一平,ｲｯﾍﾟｲ,1
英子,ｴｲｺ,2
英二,ｴｲｼﾞ,1
寛子,ﾋﾛｺ,2
希望,ﾉｿﾞﾐ,2
貴士,ﾀｶｼ,1
京香,ｷｮｳｶ,2
恵太,ｹｲﾀ,1
景子,ｹｲｺ,2
結花,ﾕｶ,2
謙太,ｹﾝﾀ,1
賢太郎,ｹﾝﾀﾛｳ,1
賢二,ｹﾝｼﾞ,1
元気,ｹﾞﾝｷ,1
孝一,ｺｳｲﾁ,1
幸太,ｺｳﾀ,1
康介,ｺｳｽｹ,1
康弘,ﾔｽﾋﾛ,1
弘明,ﾋﾛｱｷ,1
晃太,ｺｳﾀ,1
沙紀,ｻｷ,2
彩加,ｱﾔｶ,2
咲希,ｻｷ,2
周,ｼｭｳ,1
勝彦,ｶﾂﾋｺ,1
尚也,ﾅｵﾔ,1
昌美,ﾏｻﾐ,2
省吾,ｼｮｳｺﾞ,1
伸也,ｼﾝﾔ,1
真澄,ﾏｽﾐ,2
晴菜,ﾊﾙﾅ,2
正子,ﾏｻｺ,2
正之,ﾏｻﾕｷ,1
節子,ｾﾂｺ,2
千鶴,ﾁﾂﾞﾙ,2
大希,ﾀﾞｲｷ,1
拓夢,ﾀｸﾑ,1
拓矢,ﾀｸﾔ,1
知佳,ﾁｶ,2
智子,ｻﾄｺ,2
奈月,ﾅﾂｷ,2
奈緒子,ﾅｵｺ,2
博文,ﾋﾛﾌﾐ,1
肇,ﾊｼﾞﾒ,1
美恵子,ﾐｴｺ,2
武史,ﾀｹｼ,1
武志,ﾀｹｼ,1
望,ﾉｿﾞﾐ,1
北斗,ﾎｸﾄ,1
佑輔,ﾕｳｽｹ,1
優美,ﾕﾐ,2
裕美子,ﾕﾐｺ,2
要,ｶﾅﾒ,1
梨央,ﾘｵ,2
隆宏,ﾀｶﾋﾛ,1
隆志,ﾀｶｼ,1
竜平,ﾘｭｳﾍｲ,1
龍二,ﾘｭｳｼﾞ,1
良輔,ﾘｮｳｽｹ,1
和広,ｶｽﾞﾋﾛ,1
和枝,ｶｽﾞｴ,2
和之,ｶｽﾞﾕｷ,1
崚,ﾘｮｳ,1
ひなた,ﾋﾅﾀ,2
まゆみ,ﾏﾕﾐ,2
亜紀,ｱｷ,2
亜紀子,ｱｷｺ,2
郁美,ｲｸﾐ,2
郁弥,ﾌﾐﾔ,1
一弘,ｶｽﾞﾋﾛ,1
英幸,ﾋﾃﾞﾕｷ,1
衛,ﾏﾓﾙ,1
芽衣,ﾒｲ,2
魁人,ｶｲﾄ,1
希,ﾉｿﾞﾐ,2
久子,ﾋｻｺ,2
強,ﾂﾖｼ,1
健一郎,ｹﾝｲﾁﾛｳ,1
健治,ｹﾝｼﾞ,1
賢人,ｹﾝﾄ,1
賢太,ｹﾝﾀ,1
護,ﾏﾓﾙ,1
孝幸,ﾀｶﾕｷ,1
孝行,ﾀｶﾕｷ,1
孝子,ﾀｶｺ,2
孝太,ｺｳﾀ,1
幸輝,ｺｳｷ,1
幸平,ｺｳﾍｲ,1
康子,ﾔｽｺ,2
昂平,ｺｳﾍｲ,1
浩史,ﾋﾛｼ,1
浩子,ﾋﾛｺ,2
浩太郎,ｺｳﾀﾛｳ,1
航,ｺｳ,1
航大,ｺｳﾀﾞｲ,1
香奈,ｶﾅ,2
咲,ｻｷ,2
史子,ﾌﾐｺ,2
史弥,ﾌﾐﾔ,1
志帆,ｼﾎ,2
実咲,ﾐｻｷ,2
朱音,ｱｶﾈ,2
秀美,ﾋﾃﾞﾐ,2
俊一,ｼｭﾝｲﾁ,1
俊幸,ﾄｼﾕｷ,1
俊太,ｼｭﾝﾀ,1
俊之,ﾄｼﾕｷ,1
俊也,ﾄｼﾔ,1
峻,ｼｭﾝ,1
春美,ﾊﾙﾐ,2
尚樹,ﾅｵｷ,1
尚美,ﾅｵﾐ,2
昇平,ｼｮｳﾍｲ,1
昌也,ﾏｻﾔ,1
祥,ｼｮｳ,1
祥太,ｼｮｳﾀ,1
信子,ﾉﾌﾞｺ,2
信之,ﾉﾌﾞﾕｷ,1
真,ｼﾝ,1
真司,ｼﾝｼﾞ,1
進一,ｼﾝｲﾁ,1
雪乃,ﾕｷﾉ,2
千恵子,ﾁｴｺ,2
千晴,ﾁﾊﾙ,2
千穂,ﾁﾎ,2
泉,ｲｽﾞﾐ,2
早織,ｻｵﾘ,2
大貴,ﾋﾛｷ,1
卓哉,ﾀｸﾔ,1
智樹,ﾄﾓｷ,1
智博,ﾄﾓﾋﾛ,1
智裕,ﾄﾓﾋﾛ,1
努,ﾂﾄﾑ,1
美子,ﾖｼｺ,2
百合子,ﾕﾘｺ,2
望,ﾉｿﾞﾑ,1
麻紀,ﾏｷ,2
佑香,ﾕｳｶ,2
優佳,ﾕｳｶ,2
友也,ﾄﾓﾔ,1
友里,ﾕﾘ,2
悠真,ﾕｳﾏ,1
由香里,ﾕｶﾘ,2
祐司,ﾕｳｼﾞ,1
裕司,ﾕｳｼﾞ,1
雄基,ﾕｳｷ,1
洋輔,ﾖｳｽｹ,1
葉子,ﾖｳｺ,2
梨紗,ﾘｻ,2
理絵,ﾘｴ,2
瑠菜,ﾙﾅ,2
和貴,ｶｽﾞｷ,1
和久,ｶｽﾞﾋｻ,1
和恵,ｶｽﾞｴ,2
ひなの,ﾋﾅﾉ,2
ほのか,ﾎﾉｶ,2
亜実,ｱﾐ,2
愛弓,ｱﾕﾐ,2
愛香,ｱｲｶ,2
一夫,ｶｽﾞｵ,1
夏子,ﾅﾂｺ,2
雅,ﾐﾔﾋﾞ,2
雅代,ﾏｻﾖ,2
絵理,ｴﾘ,2
絵里,ｴﾘ,2
貴博,ﾀｶﾋﾛ,1
恵理子,ｴﾘｺ,2
敬太,ｹｲﾀ,1
健志,ﾀｹｼ,1
光平,ｺｳﾍｲ,1
幸子,ﾕｷｺ,2
幸代,ｻﾁﾖ,2
康裕,ﾔｽﾋﾛ,1
咲良,ｻｸﾗ,2
治,ｵｻﾑ,1
樹里,ｼﾞｭﾘ,2
修司,ｼｭｳｼﾞ,1
俊平,ｼｭﾝﾍﾟｲ,1
春佳,ﾊﾙｶ,2
春花,ﾊﾙｶ,2
舜,ｼｭﾝ,1
将太郎,ｼｮｳﾀﾛｳ,1
丈,ｼﾞｮｳ,1
信吾,ｼﾝｺﾞ,1
慎,ｼﾝ,1
慎之介,ｼﾝﾉｽｹ,1
真悟,ｼﾝｺﾞ,1
真菜,ﾏﾅ,2
聖子,ｾｲｺ,2
誠司,ｾｲｼﾞ,1
千絵,ﾁｴ,2
太陽,ﾀｲﾖｳ,1
大志,ﾀﾞｲｼ,1
卓,ｽｸﾞﾙ,1
琢磨,ﾀｸﾏ,1
琢也,ﾀｸﾔ,1
智恵子,ﾁｴｺ,2
智弘,ﾄﾓﾋﾛ,1
智大,ﾄﾓﾋﾛ,1
智彦,ﾄﾓﾋｺ,1
忠,ﾀﾀﾞｼ,1
桃佳,ﾓﾓｶ,2
道子,ﾐﾁｺ,2
奈々子,ﾅﾅｺ,2
寧々,ﾈﾈ,2
美雪,ﾐﾕｷ,2
彬,ｱｷﾗ,1
妙子,ﾀｴｺ,2
諭,ｻﾄｼ,1
友梨,ﾕﾘ,2
有紗,ｱﾘｻ,2
祐亮,ﾕｳｽｹ,1
里沙,ﾘｻ,2
隆介,ﾘｭｳｽｹ,1
隆行,ﾀｶﾕｷ,1
龍太郎,ﾘｭｳﾀﾛｳ,1
亮佑,ﾘｮｳｽｹ,1
良平,ﾘｮｳﾍｲ,1
遼平,ﾘｮｳﾍｲ,1
和行,ｶｽﾞﾕｷ,1
栞奈,ｶﾝﾅ,2
翔一,ｼｮｳｲﾁ,1
翔馬,ｼｮｳﾏ,1
凜,ﾘﾝ,2
かおる,ｶｵﾙ,2
しおり,ｼｵﾘ,2
しのぶ,ｼﾉﾌﾞ,2
ひより,ﾋﾖﾘ,2
亜季,ｱｷ,2
愛莉,ｱｲﾘ,2
郁也,ﾌﾐﾔ,1
一男,ｶｽﾞｵ,1
栄治,ｴｲｼﾞ,1
英之,ﾋﾃﾞﾕｷ,1
佳樹,ﾖｼｷ,1
華奈,ｶﾅ,2
雅弘,ﾏｻﾋﾛ,1
海人,ｶｲﾄ,1
海渡,ｶｲﾄ,1
絵里香,ｴﾘｶ,2
覚,ｻﾄﾙ,1
幹太,ｶﾝﾀ,1
毅,ﾀｹｼ,1
毅,ﾂﾖｼ,1
貴幸,ﾀｶﾕｷ,1
貴史,ﾀｶｼ,1
貴美子,ｷﾐｺ,2
貴彦,ﾀｶﾋｺ,1
貴也,ﾀｶﾔ,1
恭兵,ｷｮｳﾍｲ,1
勲,ｲｻｵ,1
恵一,ｹｲｲﾁ,1
光太郎,ｺｳﾀﾛｳ,1
光男,ﾐﾂｵ,1
好美,ﾖｼﾐ,2
孝夫,ﾀｶｵ,1
宏幸,ﾋﾛﾕｷ,1
幸恵,ﾕｷｴ,2
高志,ﾀｶｼ,1
彩,ｻﾔｶ,2
彩菜,ｱﾔﾅ,2
菜美,ﾅﾐ,2
桜子,ｻｸﾗｺ,2
史織,ｼｵﾘ,2
紗季,ｻｷ,2
秀,ｼｭｳ,1
秀人,ﾋﾃﾞﾄ,1
秀太,ｼｭｳﾀ,1
秀之,ﾋﾃﾞﾕｷ,1
俊哉,ﾄｼﾔ,1
将司,ﾏｻｼ,1
尚人,ﾅｵﾄ,1
昭彦,ｱｷﾋｺ,1
信行,ﾉﾌﾞﾕｷ,1
慎一郎,ｼﾝｲﾁﾛｳ,1
真樹,ﾏｻｷ,1
正太,ｼｮｳﾀ,1
正彦,ﾏｻﾋｺ,1
清,ｷﾖｼ,1
聖人,ﾏｻﾄ,1
誠二,ｾｲｼﾞ,1
壮太,ｿｳﾀ,1
大,ﾏｻﾙ,1
拓斗,ﾀｸﾄ,1
拓朗,ﾀｸﾛｳ,1
哲,ｻﾄｼ,1
哲,ｻﾄﾙ,1
登,ﾉﾎﾞﾙ,1
敦也,ｱﾂﾔ,1
奈々美,ﾅﾅﾐ,2
博幸,ﾋﾛﾕｷ,1
博樹,ﾋﾛｷ,1
美加,ﾐｶ,2
美佐子,ﾐｻｺ,2
美桜,ﾐｵ,2
美南,ﾐﾅﾐ,2
美鈴,ﾐｽｽﾞ,2
百恵,ﾓﾓｴ,2
百香,ﾓﾓｶ,2
武,ﾀｹﾙ,1
文,ｱﾔ,2
歩夢,ｱﾕﾑ,1
萌,ﾒｸﾞﾐ,2
萌香,ﾓｴｶ,2
麻由,ﾏﾕ,2
未央,ﾐｵ,2
明彦,ｱｷﾋｺ,1
明里,ｱｶﾘ,2
祐哉,ﾕｳﾔ,1
裕紀,ﾕｳｷ,1
裕哉,ﾕｳﾔ,1
裕美,ﾕﾐ,2
蘭,ﾗﾝ,2
竜馬,ﾘｮｳﾏ,1
龍馬,ﾘｮｳﾏ,1
良美,ﾖｼﾐ,2
玲菜,ﾚﾅ,2
礼子,ﾚｲｺ,2
滉平,ｺｳﾍｲ,1
翔太朗,ｼｮｳﾀﾛｳ,1
莉緒,ﾘｵ,2
莉帆,ﾘﾎ,2
こころ,ｺｺﾛ,2
さとみ,ｻﾄﾐ,2
すみれ,ｽﾐﾚ,2
みずき,ﾐｽﾞｷ,2
みづき,ﾐﾂﾞｷ,2
愛実,ﾏﾅﾐ,2
愛理,ｴﾘ,2
綾菜,ｱﾔﾅ,2
一幸,ｶｽﾞﾕｷ,1
一彦,ｶｽﾞﾋｺ,1
栄子,ｴｲｺ,2
英一,ｴｲｲﾁ,1
夏奈,ｶﾅ,2
花音,ｶﾉﾝ,2
花奈,ｶﾅ,2
雅貴,ﾏｻｷ,1
快,ｶｲ,1
巌,ｲﾜｵ,1
希美,ﾉｿﾞﾐ,2
義人,ﾖｼﾄ,1
暁,ｱｷﾗ,1
憲司,ｹﾝｼﾞ,1
謙一,ｹﾝｲﾁ,1
賢吾,ｹﾝｺﾞ,1
賢司,ｹﾝｼﾞ,1
光輝,ｺｳｷ,1
光司,ｺｳｼﾞ,1
孝平,ｺｳﾍｲ,1
孝明,ﾀｶｱｷ,1
幸男,ﾕｷｵ,1
康之,ﾔｽﾕｷ,1
浩美,ﾋﾛﾐ,2
香里,ｶｵﾘ,2
剛史,ﾀｹｼ,1
克己,ｶﾂﾐ,1
克哉,ｶﾂﾔ,1
克彦,ｶﾂﾋｺ,1
佐知子,ｻﾁｺ,2
菜央,ﾅｵ,2
桜,ｻｸﾗ,2
史也,ﾌﾐﾔ,1
紗良,ｻﾗ,2
秀平,ｼｭｳﾍｲ,1
秀和,ﾋﾃﾞｶｽﾞ,1
俊貴,ﾄｼｷ,1
潤一,ｼﾞｭﾝｲﾁ,1
尚希,ﾅｵｷ,1
昌樹,ﾏｻｷ,1
昌平,ｼｮｳﾍｲ,1
照美,ﾃﾙﾐ,2
伸子,ﾉﾌﾞｺ,2
慎,ﾏｺﾄ,1
慎一,ｼﾝｲﾁ,1
真依,ﾏｲ,2
真澄,ﾏｽﾐ,1
真奈,ﾏﾅ,2
真二,ｼﾝｼﾞ,1
真歩,ﾏﾎ,2
真里奈,ﾏﾘﾅ,2
翠,ﾐﾄﾞﾘ,2
晴輝,ﾊﾙｷ,1
創,ﾊｼﾞﾒ,1
蒼太,ｿｳﾀ,1
大吾,ﾀﾞｲｺﾞ,1
達彦,ﾀﾂﾋｺ,1
達郎,ﾀﾂﾛｳ,1
辰徳,ﾀﾂﾉﾘ,1
知輝,ﾄﾓｷ,1
智紀,ﾄﾓｷ,1
智幸,ﾄﾓﾕｷ,1
智洋,ﾄﾓﾋﾛ,1
直希,ﾅｵｷ,1
直幸,ﾅｵﾕｷ,1
直斗,ﾅｵﾄ,1
博美,ﾋﾛﾐ,2
隼斗,ﾊﾔﾄ,1
飛翔,ﾂﾊﾞｻ,1
美玖,ﾐｸ,2
美菜子,ﾐﾅｺ,2
美代子,ﾐﾖｺ,2
百花,ﾓﾓｶ,2
風香,ﾌｳｶ,2
文子,ｱﾔｺ,2
文子,ﾌﾐｺ,2
保,ﾀﾓﾂ,1
萌絵,ﾓｴ,2
麻子,ｱｻｺ,2
明宏,ｱｷﾋﾛ,1
佑斗,ﾕｳﾄ,1
優香,ﾕｶ,2
優大,ﾕｳﾀﾞｲ,1
勇真,ﾕｳﾏ,1
友里恵,ﾕﾘｴ,2
悠樹,ﾕｳｷ,1
有香,ﾕｶ,2
有里,ﾕﾘ,2
祐美,ﾕﾐ,2
裕幸,ﾋﾛﾕｷ,1
雄大,ﾕｳﾀ,1
雄平,ﾕｳﾍｲ,1
陽菜,ﾊﾙﾅ,2
陽太,ﾖｳﾀ,1
梨菜,ﾘﾅ,2
理恵子,ﾘｴｺ,2
里佳,ﾘｶ,2
里香,ﾘｶ,2
陸斗,ﾘｸﾄ,1
留美,ﾙﾐ,2
隆太郎,ﾘｭｳﾀﾛｳ,1
竜二,ﾘｭｳｼﾞ,1
竜之介,ﾘｭｳﾉｽｹ,1
龍司,ﾘｭｳｼﾞ,1
龍平,ﾘｭｳﾍｲ,1
涼香,ｽｽﾞｶ,2
瞭,ﾘｮｳ,1
力也,ﾘｷﾔ,1
瑠奈,ﾙﾅ,2
麗奈,ﾚｲﾅ,2
和博,ｶｽﾞﾋﾛ,1
和磨,ｶｽﾞﾏ,1
侑樹,ﾕｳｷ,1
茉奈,ﾏﾅ,2
莉央,ﾘｵ,2
菫,ｽﾐﾚ,2
颯人,ﾊﾔﾄ,1
颯斗,ﾊﾔﾄ,1
